"var","min","max","BNP_NT_Pro_at_start"
"albumin",2.5,5.1,NA
"bilirubin",0.2,2.8,NA
"eGFR",5.38331303240429,129.950329243882,NA
"sodium",129,145,NA
"cpo",0.411234294161123,1.66190687361419,NA
"api",0,17.8333333333333,NA
"papi",1,20,NA
"BNP",14,3845.2,"0"
"BNP",41,34163,"1"
